00001.jpg,2
00002.jpg,0
00003.jpg,0
00004.jpg,1
00005.jpg,1
00006.jpg,1
00007.jpg,1
00008.jpg,1
00009.jpg,1
00010.jpg,1
00011.jpg,1
00012.jpg,1
00013.jpg,2
00014.jpg,1
00015.jpg,0
00016.jpg,2
00017.jpg,0
00018.jpg,1
00019.jpg,2
00020.jpg,1
00021.jpg,0
00022.jpg,1
00023.jpg,3
00024.jpg,1
00025.jpg,1
00026.jpg,1
00027.jpg,2
00028.jpg,1
00029.jpg,0
00030.jpg,3
00031.jpg,1
00032.jpg,0
00033.jpg,1
00034.jpg,1
00035.jpg,3
00036.jpg,2
00037.jpg,1
00038.jpg,1
00039.jpg,1
00040.jpg,0
00041.jpg,1
00042.jpg,1
00043.jpg,1
00044.jpg,1
00045.jpg,0
00046.jpg,1
00047.jpg,0
00048.jpg,1
00049.jpg,1
00050.jpg,1
00051.jpg,1
00052.jpg,2
00053.jpg,2
00054.jpg,2
00055.jpg,2
00056.jpg,1
00057.jpg,1
00058.jpg,0
00059.jpg,1
00060.jpg,1
00061.jpg,1
00062.jpg,1
00063.jpg,0
00064.jpg,3
00065.jpg,2
00066.jpg,3
00067.jpg,2
00068.jpg,1
00069.jpg,1
00070.jpg,2
00071.jpg,1
00072.jpg,1
00073.jpg,1
00074.jpg,2
00075.jpg,3
00076.jpg,1
00077.jpg,2
00078.jpg,1
00079.jpg,2
00080.jpg,0
00081.jpg,1
00082.jpg,0
00083.jpg,1
00084.jpg,1
00085.jpg,2
00086.jpg,1
00087.jpg,1
00088.jpg,1
00089.jpg,1
00090.jpg,0
00091.jpg,1
00092.jpg,1
00093.jpg,2
00094.jpg,2
00095.jpg,0
00096.jpg,2
00097.jpg,1
00098.jpg,2
00099.jpg,1
00100.jpg,2
00101.jpg,2
00102.jpg,1
00103.jpg,1
00104.jpg,0
00105.jpg,1
00106.jpg,3
00107.jpg,1
00108.jpg,2
00109.jpg,2
00110.jpg,1
00111.jpg,1
00112.jpg,1
00113.jpg,0
00114.jpg,3
00115.jpg,1
00116.jpg,1
00117.jpg,0
00118.jpg,1
00119.jpg,1
00120.jpg,1
00121.jpg,1
00122.jpg,1
00123.jpg,0
00124.jpg,1
00125.jpg,1
00126.jpg,1
00127.jpg,1
00128.jpg,0
00129.jpg,1
00130.jpg,1
00131.jpg,1
00132.jpg,1
00133.jpg,1
00134.jpg,0
00135.jpg,0
00136.jpg,1
00137.jpg,1
00138.jpg,0
00139.jpg,2
00140.jpg,1
00141.jpg,1
00142.jpg,1
00143.jpg,1
00144.jpg,1
00145.jpg,0
00146.jpg,1
00147.jpg,1
00148.jpg,2
00149.jpg,1
00150.jpg,1
00151.jpg,2
00152.jpg,1
00153.jpg,1
00154.jpg,3
00155.jpg,0
00156.jpg,1
00157.jpg,0
00158.jpg,0
00159.jpg,0
00160.jpg,1
00161.jpg,1
00162.jpg,1
00163.jpg,2
00164.jpg,2
00165.jpg,1
00166.jpg,1
00167.jpg,1
00168.jpg,3
00169.jpg,0
00170.jpg,1
00171.jpg,1
00172.jpg,1
00173.jpg,1
00174.jpg,2
00175.jpg,1
00176.jpg,2
00177.jpg,1
00178.jpg,1
00179.jpg,1
00180.jpg,0
00181.jpg,1
00182.jpg,1
00183.jpg,1
00184.jpg,0
00185.jpg,0
00186.jpg,2
00187.jpg,1
00188.jpg,1
00189.jpg,2
00190.jpg,1
00191.jpg,2
00192.jpg,1
00193.jpg,2
00194.jpg,0
00195.jpg,0
00196.jpg,1
00197.jpg,1
00198.jpg,1
00199.jpg,1
00200.jpg,1
00201.jpg,2
00202.jpg,1
00203.jpg,1
00204.jpg,1
00205.jpg,1
00206.jpg,2
00207.jpg,1
00208.jpg,1
00209.jpg,1
00210.jpg,2
00211.jpg,1
00212.jpg,1
00213.jpg,2
00214.jpg,1
00215.jpg,1
00216.jpg,0
00217.jpg,0
00218.jpg,2
00219.jpg,0
00220.jpg,1
00221.jpg,1
00222.jpg,1
00223.jpg,1
00224.jpg,2
00225.jpg,1
00226.jpg,2
00227.jpg,1
00228.jpg,1
00229.jpg,0
00230.jpg,1
00231.jpg,2
00232.jpg,2
00233.jpg,1
00234.jpg,1
00235.jpg,1
00236.jpg,1
00237.jpg,1
00238.jpg,2
00239.jpg,1
00240.jpg,1
00241.jpg,0
00242.jpg,1
00243.jpg,2
00244.jpg,1
00245.jpg,0
00246.jpg,1
00247.jpg,0
00248.jpg,1
00249.jpg,1
00250.jpg,0
00251.jpg,1
00252.jpg,0
00253.jpg,2
00254.jpg,2
00255.jpg,3
00256.jpg,1
00257.jpg,1
00258.jpg,1
00259.jpg,0
00260.jpg,1
00261.jpg,2
00262.jpg,1
00263.jpg,1
00264.jpg,2
00265.jpg,1
00266.jpg,1
00267.jpg,1
00268.jpg,2
00269.jpg,2
00270.jpg,1
00271.jpg,1
00272.jpg,1
00273.jpg,1
00274.jpg,1
00275.jpg,1
00276.jpg,0
00277.jpg,1
00278.jpg,1
00279.jpg,1
00280.jpg,1
00281.jpg,1
00282.jpg,0
00283.jpg,1
00284.jpg,1
00285.jpg,0
00286.jpg,1
00287.jpg,1
00288.jpg,1
00289.jpg,1
00290.jpg,1
00291.jpg,1
00292.jpg,1
00293.jpg,0
00294.jpg,1
00295.jpg,1
00296.jpg,1
00297.jpg,0
00298.jpg,1
00299.jpg,1
00300.jpg,0
00301.jpg,1
00302.jpg,0
00303.jpg,0
00304.jpg,1
00305.jpg,0
00306.jpg,0
00307.jpg,0
00308.jpg,2
00309.jpg,1
00310.jpg,1
00311.jpg,2
00312.jpg,1
00313.jpg,1
00314.jpg,1
00315.jpg,1
00316.jpg,1
00317.jpg,1
00318.jpg,3
00319.jpg,0
00320.jpg,1
00321.jpg,1
00322.jpg,1
00323.jpg,0
00324.jpg,2
00325.jpg,1
00326.jpg,2
00327.jpg,2
00328.jpg,2
00329.jpg,3
00330.jpg,0
00331.jpg,1
00332.jpg,1
00333.jpg,1
00334.jpg,2
00335.jpg,1
00336.jpg,1
00337.jpg,1
00338.jpg,1
00339.jpg,1
00340.jpg,1
00341.jpg,2
00342.jpg,1
00343.jpg,1
00344.jpg,0
00345.jpg,0
00346.jpg,2
00347.jpg,1
00348.jpg,1
00349.jpg,0
00350.jpg,0
00351.jpg,1
00352.jpg,0
00353.jpg,3
00354.jpg,1
00355.jpg,2
00356.jpg,1
00357.jpg,0
00358.jpg,0
00359.jpg,3
00360.jpg,1
00361.jpg,0
00362.jpg,1
00363.jpg,2
00364.jpg,3
00365.jpg,1
00366.jpg,1
00367.jpg,2
00368.jpg,1
00369.jpg,2
00370.jpg,1
00371.jpg,2
00372.jpg,2
00373.jpg,1
00374.jpg,1
00375.jpg,1
00376.jpg,1
00377.jpg,1
00378.jpg,1
00379.jpg,1
00380.jpg,1
00381.jpg,1
00382.jpg,2
00383.jpg,2
00384.jpg,1
00385.jpg,1
00386.jpg,1
00387.jpg,1
00388.jpg,1
00389.jpg,0
00390.jpg,1
00391.jpg,1
00392.jpg,2
00393.jpg,2
00394.jpg,1
00395.jpg,0
00396.jpg,2
00397.jpg,0
00398.jpg,1
00399.jpg,1
00400.jpg,1
00401.jpg,2
00402.jpg,1
00403.jpg,0
00404.jpg,2
00405.jpg,1
00406.jpg,1
00407.jpg,1
00408.jpg,1
00409.jpg,1
00410.jpg,3
00411.jpg,2
00412.jpg,1
00413.jpg,1
00414.jpg,0
00415.jpg,2
00416.jpg,1
00417.jpg,1
00418.jpg,1
00419.jpg,1
00420.jpg,1
00421.jpg,1
00422.jpg,1
00423.jpg,2
00424.jpg,0
00425.jpg,1
00426.jpg,0
00427.jpg,1
00428.jpg,0
00429.jpg,1
00430.jpg,1
00431.jpg,3
00432.jpg,0
00433.jpg,1
00434.jpg,1
00435.jpg,0
00436.jpg,1
00437.jpg,2
00438.jpg,1
00439.jpg,0
00440.jpg,1
00441.jpg,0
00442.jpg,1
00443.jpg,1
00444.jpg,1
00445.jpg,1
00446.jpg,1
00447.jpg,0
00448.jpg,1
00449.jpg,2
00450.jpg,1
00451.jpg,1
00452.jpg,1
00453.jpg,1
00454.jpg,1
00455.jpg,0
00456.jpg,2
00457.jpg,1
00458.jpg,2
00459.jpg,1
00460.jpg,1
00461.jpg,1
00462.jpg,1
00463.jpg,3
00464.jpg,1
00465.jpg,1
00466.jpg,0
00467.jpg,2
00468.jpg,1
00469.jpg,1
00470.jpg,0
00471.jpg,1
00472.jpg,2
00473.jpg,1
00474.jpg,1
00475.jpg,0
00476.jpg,1
00477.jpg,1
00478.jpg,1
00479.jpg,1
00480.jpg,1
00481.jpg,2
00482.jpg,2
00483.jpg,1
00484.jpg,3
00485.jpg,0
00486.jpg,1
00487.jpg,2
00488.jpg,1
00489.jpg,2
00490.jpg,1
00491.jpg,1
00492.jpg,0
00493.jpg,1
00494.jpg,1
00495.jpg,2
00496.jpg,1
00497.jpg,2
00498.jpg,1
00499.jpg,1
00500.jpg,1
00501.jpg,0
00502.jpg,1
00503.jpg,1
00504.jpg,1
00505.jpg,1
00506.jpg,3
00507.jpg,2
00508.jpg,1
00509.jpg,2
00510.jpg,1
00511.jpg,1
00512.jpg,2
00513.jpg,2
00514.jpg,1
00515.jpg,0
00516.jpg,3
00517.jpg,0
00518.jpg,1
00519.jpg,1
00520.jpg,1
00521.jpg,1
00522.jpg,1
00523.jpg,0
00524.jpg,0
00525.jpg,0
00526.jpg,1
00527.jpg,0
00528.jpg,1
00529.jpg,0
00530.jpg,1
00531.jpg,0
00532.jpg,1
00533.jpg,1
00534.jpg,1
00535.jpg,1
00536.jpg,2
00537.jpg,0
00538.jpg,0
00539.jpg,1
00540.jpg,1
00541.jpg,1
00542.jpg,2
00543.jpg,1
00544.jpg,1
00545.jpg,1
00546.jpg,0
00547.jpg,0
00548.jpg,2
00549.jpg,2
00550.jpg,1
00551.jpg,0
00552.jpg,2
00553.jpg,0
00554.jpg,1
00555.jpg,3
00556.jpg,1
00557.jpg,0
00558.jpg,1
00559.jpg,2
00560.jpg,1
00561.jpg,1
00562.jpg,0
00563.jpg,1
00564.jpg,1
00565.jpg,0
00566.jpg,2
00567.jpg,1
00568.jpg,1
00569.jpg,1
00570.jpg,1
00571.jpg,0
00572.jpg,0
00573.jpg,0
00574.jpg,1
00575.jpg,0
00576.jpg,1
00577.jpg,1
00578.jpg,2
00579.jpg,0
00580.jpg,0
00581.jpg,0
00582.jpg,1
00583.jpg,0
00584.jpg,1
00585.jpg,1
00586.jpg,1
00587.jpg,1
00588.jpg,1
00589.jpg,1
00590.jpg,1
00591.jpg,0
00592.jpg,0
00593.jpg,1
00594.jpg,0
00595.jpg,1
00596.jpg,1
00597.jpg,0
00598.jpg,0
00599.jpg,1
00600.jpg,3
00601.jpg,2
00602.jpg,0
00603.jpg,3
00604.jpg,1
00605.jpg,2
00606.jpg,0
00607.jpg,1
00608.jpg,1
00609.jpg,2
00610.jpg,1
00611.jpg,1
00612.jpg,1
00613.jpg,1
00614.jpg,2
00615.jpg,1
00616.jpg,1
00617.jpg,1
00618.jpg,1
00619.jpg,1
00620.jpg,0
00621.jpg,0
00622.jpg,1
00623.jpg,1
00624.jpg,1
00625.jpg,1
00626.jpg,1
00627.jpg,2
00628.jpg,0
00629.jpg,1
00630.jpg,1
00631.jpg,1
00632.jpg,1
00633.jpg,1
00634.jpg,2
00635.jpg,1
00636.jpg,1
00637.jpg,0
00638.jpg,1
00639.jpg,2
00640.jpg,1
00641.jpg,0
00642.jpg,3
00643.jpg,2
00644.jpg,2
00645.jpg,0
00646.jpg,1
00647.jpg,2
00648.jpg,1
00649.jpg,1
00650.jpg,1
00651.jpg,0
00652.jpg,1
00653.jpg,1
00654.jpg,2
00655.jpg,2
00656.jpg,1
00657.jpg,2
00658.jpg,2
00659.jpg,1
00660.jpg,1
00661.jpg,2
00662.jpg,0
00663.jpg,1
00664.jpg,2
00665.jpg,0
00666.jpg,0
00667.jpg,1
00668.jpg,1
00669.jpg,0
00670.jpg,1
00671.jpg,1
00672.jpg,0
00673.jpg,1
00674.jpg,1
00675.jpg,0
00676.jpg,1
00677.jpg,0
00678.jpg,1
00679.jpg,1
00680.jpg,3
00681.jpg,1
00682.jpg,1
00683.jpg,1
00684.jpg,3
00685.jpg,2
00686.jpg,1
00687.jpg,2
00688.jpg,1
00689.jpg,1
00690.jpg,2
00691.jpg,2
00692.jpg,3
00693.jpg,1
00694.jpg,2
00695.jpg,1
00696.jpg,1
00697.jpg,1
00698.jpg,0
00699.jpg,0
00700.jpg,1
00701.jpg,1
00702.jpg,0
00703.jpg,1
00704.jpg,2
00705.jpg,1
00706.jpg,2
00707.jpg,1
00708.jpg,0
00709.jpg,1
00710.jpg,1
00711.jpg,1
00712.jpg,0
00713.jpg,2
00714.jpg,2
00715.jpg,3
00716.jpg,0
00717.jpg,1
00718.jpg,1
00719.jpg,1
00720.jpg,2
00721.jpg,1
00722.jpg,1
00723.jpg,1
00724.jpg,1
00725.jpg,3
00726.jpg,1
00727.jpg,1
00728.jpg,1
00729.jpg,1
00730.jpg,0
00731.jpg,2
00732.jpg,0
00733.jpg,1
00734.jpg,1
00735.jpg,1
00736.jpg,1
00737.jpg,1
00738.jpg,0
00739.jpg,1
00740.jpg,1
00741.jpg,2
00742.jpg,1
00743.jpg,1
00744.jpg,1
00745.jpg,3
00746.jpg,0
00747.jpg,1
00748.jpg,2
00749.jpg,2
00750.jpg,2
00751.jpg,2
00752.jpg,1
00753.jpg,1
00754.jpg,1
00755.jpg,1
00756.jpg,1
00757.jpg,0
00758.jpg,0
00759.jpg,2
00760.jpg,1
00761.jpg,2
00762.jpg,0
00763.jpg,1
00764.jpg,0
00765.jpg,1
00766.jpg,1
00767.jpg,0
00768.jpg,1
00769.jpg,1
00770.jpg,1
00771.jpg,1
00772.jpg,0
00773.jpg,0
00774.jpg,1
00775.jpg,2
00776.jpg,1
00777.jpg,1
00778.jpg,3
00779.jpg,1
00780.jpg,3
00781.jpg,1
00782.jpg,1
00783.jpg,1
00784.jpg,1
00785.jpg,1
00786.jpg,1
00787.jpg,0
00788.jpg,1
00789.jpg,0
00790.jpg,1
00791.jpg,1
00792.jpg,2
00793.jpg,1
00794.jpg,1
00795.jpg,2
00796.jpg,0
00797.jpg,1
00798.jpg,2
00799.jpg,1
00800.jpg,0
00801.jpg,1
00802.jpg,1
00803.jpg,1
00804.jpg,1
00805.jpg,1
00806.jpg,1
00807.jpg,1
00808.jpg,1
00809.jpg,1
00810.jpg,2
00811.jpg,1
00812.jpg,1
00813.jpg,1
00814.jpg,1
00815.jpg,1
00816.jpg,0
00817.jpg,2
00818.jpg,1
00819.jpg,0
00820.jpg,2
00821.jpg,3
00822.jpg,1
00823.jpg,1
00824.jpg,3
00825.jpg,3
00826.jpg,1
00827.jpg,2
00828.jpg,0
00829.jpg,2
00830.jpg,1
00831.jpg,1
00832.jpg,1
00833.jpg,0
00834.jpg,1
00835.jpg,1
00836.jpg,2
00837.jpg,1
00838.jpg,1
00839.jpg,2
00840.jpg,2
00841.jpg,1
00842.jpg,1
00843.jpg,1
00844.jpg,2
00845.jpg,0
00846.jpg,0
00847.jpg,3
00848.jpg,1
00849.jpg,1
00850.jpg,1
00851.jpg,0
00852.jpg,1
00853.jpg,1
00854.jpg,1
00855.jpg,1
00856.jpg,1
00857.jpg,1
00858.jpg,1
00859.jpg,1
00860.jpg,1
00861.jpg,1
00862.jpg,1
00863.jpg,1
00864.jpg,1
00865.jpg,1
00866.jpg,3
00867.jpg,1
00868.jpg,1
00869.jpg,1
00870.jpg,1
00871.jpg,1
00872.jpg,1
00873.jpg,0
00874.jpg,2
00875.jpg,1
00876.jpg,0
00877.jpg,1
00878.jpg,1
00879.jpg,0
00880.jpg,1
00881.jpg,1
00882.jpg,0
00883.jpg,2
00884.jpg,1
00885.jpg,2
00886.jpg,2
00887.jpg,1
00888.jpg,1
00889.jpg,1
00890.jpg,1
00891.jpg,1
00892.jpg,2
00893.jpg,1
00894.jpg,2
00895.jpg,2
00896.jpg,1
00897.jpg,1
00898.jpg,2
00899.jpg,1
00900.jpg,1
00901.jpg,1
00902.jpg,0
00903.jpg,0
00904.jpg,1
00905.jpg,3
00906.jpg,1
00907.jpg,1
00908.jpg,1
00909.jpg,1
00910.jpg,1
00911.jpg,0
00912.jpg,1
00913.jpg,1
00914.jpg,1
00915.jpg,1
00916.jpg,1
00917.jpg,1
00918.jpg,1
00919.jpg,1
00920.jpg,1
00921.jpg,1
00922.jpg,1
00923.jpg,1
00924.jpg,1
00925.jpg,1
00926.jpg,0
00927.jpg,1
00928.jpg,0
00929.jpg,1
00930.jpg,1
00931.jpg,1
00932.jpg,1
00933.jpg,2
00934.jpg,1
00935.jpg,1
00936.jpg,0
00937.jpg,1
00938.jpg,1
00939.jpg,1
00940.jpg,0
00941.jpg,1
00942.jpg,1
00943.jpg,1
00944.jpg,0
00945.jpg,2
00946.jpg,1
00947.jpg,1
00948.jpg,1
00949.jpg,1
00950.jpg,1
00951.jpg,1
00952.jpg,1
00953.jpg,2
00954.jpg,1
00955.jpg,1
00956.jpg,1
00957.jpg,2
00958.jpg,2
00959.jpg,0
00960.jpg,1
00961.jpg,1
00962.jpg,1
00963.jpg,1
00964.jpg,1
00965.jpg,1
00966.jpg,1
00967.jpg,1
00968.jpg,1
00969.jpg,1
00970.jpg,0
00971.jpg,1
00972.jpg,2
00973.jpg,1
00974.jpg,1
00975.jpg,0
00976.jpg,0
00977.jpg,1
00978.jpg,1
00979.jpg,2
00980.jpg,1
00981.jpg,1
00982.jpg,1
00983.jpg,1
00984.jpg,1
00985.jpg,1
00986.jpg,1
00987.jpg,2
00988.jpg,0
00989.jpg,1
00990.jpg,1
00991.jpg,0
00992.jpg,2
00993.jpg,1
00994.jpg,1
00995.jpg,0
00996.jpg,1
00997.jpg,2
00998.jpg,1
00999.jpg,1
01000.jpg,2
